firstName;lastName;office;password;department
Kristina;Chung;Paris;operations;Direction
Paige;Chen;Paris;operations;Direction
Sherri;Melton;Paris;operations;Direction
Gretchen;Hill;Paris;operations;Direction
Karen;Puckett;Paris;operations;Direction
Patrick;Song;Paris;operations;Direction
Elsie;Hamilton;Paris;operations;Direction
Hazel;Bender;Paris;operations;Direction
Malcolm;Wagner;Paris;operations;Traders
Dolores;McLaughlin;Paris;operations;Traders
Francis;McNamara;Paris;operations;Traders
Sandy;Raynor;Paris;operations;Traders
Marion;Moon;Paris;operations;Traders
Beth;Woodard;Paris;operations;Traders
Julia;Desai;Paris;operations;Traders
Jerome;Wallace;Paris;operations;Traders
Neal;Lawrence;Paris;operations;Traders
Jean;Griffin;Paris;operations;Traders
Kristine;Dougherty;Paris;operations;Traders
Crystal;Powers;Paris;operations;Traders
Alex;May;Paris;operations;Traders
Eric;Steele;Paris;operations;Traders
Wesley;Teague;Paris;operations;Traders
Franklin;Vick;Paris;operations;Secretary
Claire;Gallagher;Paris;operations;Secretary
Marian;Solomon;Paris;operations;Secretary
Marcia;Walsh;Paris;operations;Secretary
Dwight;Monroe;Paris;operations;Secretary
Wayne;Connolly;Paris;operations;Secretary
Stephanie;Hawkins;Paris;operations;Secretary
Neal;Middleton;Paris;operations;Secretary
Gretchen;Goldstein;Paris;operations;Secretary
Tim;Watts;Paris;operations;Secretary
Jerome;Johnston;Paris;operations;Secretary
Shelley;Weeks;Paris;operations;Secretary
Priscilla;Wilkerson;Paris;operations;Secretary
Elsie;Barton;Paris;operations;Secretary
Beth;Walton;Paris;operations;Secretary
Erica;Hall;Paris;operations;Secretary
Douglas;Ross;Paris;operations;Secretary
Donald;Chung;Paris;operations;Secretary
Katherine;Bender;Paris;operations;Secretary
Paul;Woods;Paris;operations;Secretary
Patricia;Mangum;Paris;operations;Secretary
Lois;Joseph;Paris;operations;Secretary
Louis;Rosenthal;Paris;operations;Accounting
Christina;Bowden;Paris;operations;Accounting
Darlene;Barton;Paris;operations;Accounting
Harvey;Underwood;Paris;operations;Accounting
William;Jones;Paris;operations;Accounting
Frederick;Baker;Paris;operations;Accounting
Shirley;Merritt;Paris;operations;Accounting
Jason;Cross;Paris;operations;Accounting
Judith;Cooper;Paris;operations;Accounting
Gretchen;Holmes;Paris;operations;Accounting
Don;Sharpe;Paris;operations;Accounting
Glenda;Morgan;Paris;operations;Accounting
Scott;Hoyle;Paris;operations;Accounting
Pat;Allen;Paris;operations;Accounting
Michelle;Rich;Paris;operations;Accounting
Jessica;Rich;Paris;operations;Accounting
Evan;Grant;Paris;operations;Accounting
Melinda;Proctor;Paris;operations;Accounting
Calvin;Diaz;Paris;operations;Accounting
Eugene;Graham;Paris;operations;Accounting
Vickie;Watkins;Paris;operations;Accounting
Luis;Hinton;Paris;operations;Accounting
Allan;Marsh;Paris;operations;Accounting
Melanie;Hewitt;Paris;operations;Accounting
Marianne;Branch;Paris;operations;Accounting
Natalie;Walton;Paris;operations;Financial-Consultant
Caroline;O'Brien;Paris;operations;Financial-Consultant
Arlene;Case;Paris;operations;Financial-Consultant
Kyle;Watts;Paris;operations;Financial-Consultant
Calvin;Christensen;Paris;operations;Financial-Consultant
Gary;Parks;Paris;operations;Financial-Consultant
Samantha;Hardin;Paris;operations;Financial-Consultant
Sara;Lucas;Paris;operations;Financial-Consultant
Stacy;Eason;Paris;operations;Financial-Consultant
Gladys;Davidson;Paris;operations;Financial-Consultant
Mike;Whitehead;Paris;operations;Financial-Consultant
Lynne;Rose;Paris;operations;Financial-Consultant
Faye;Sparks;Paris;operations;Financial-Consultant
Diana;Moore;Paris;operations;Financial-Consultant
Leon;Pearson;Paris;operations;Financial-Consultant
Ethel;Rodgers;Paris;operations;Financial-Consultant
Steve;Graves;Paris;operations;Financial-Consultant
Alison;Scarborough;Paris;operations;Financial-Consultant
Sherri;Sutton;Paris;operations;Financial-Consultant
Patsy;Sinclair;Paris;operations;Financial-Consultant
Kelly;Bowman;Paris;operations;Financial-Consultant
Stacy;Olsen;Paris;operations;Financial-Consultant
Curtis;Love;Paris;operations;Financial-Consultant
Dana;McLean;Paris;operations;Financial-Consultant
Jennifer;Christian;Paris;operations;Financial-Consultant
Brett;Lamb;Paris;operations;Financial-Consultant
Brandon;James;Paris;operations;Financial-Consultant
Keith;Chandler;Paris;operations;Financial-Consultant
Joann;Stout;Paris;operations;Financial-Consultant
Ronnie;Cowan;Paris;operations;Financial-Consultant
Scott;Golden;Paris;operations;Financial-Consultant
Gene;Bowling;Paris;operations;Financial-Consultant
Louise;Beasley;Paris;operations;Financial-Consultant
Geoffrey;Clapp;Paris;operations;Financial-Consultant
Patricia;Abrams;Paris;operations;Financial-Consultant
Jennifer;Tilley;Paris;operations;Sales
Mary;Morse;Paris;operations;Sales
Shawn;Boykin;Paris;operations;Sales
Vincent;Sumner;Paris;operations;Sales
Kurt;Cassidy;Paris;operations;Sales
Danny;Davidson;Paris;operations;Sales
Charlene;Heath;Paris;operations;Sales
Alice;Blanchard;Paris;operations;Sales
Joan;McAllister;Paris;operations;Sales
Betty;McKenzie;Paris;operations;Sales
Danny;Byrne;Paris;operations;Sales
Peggy;Schroeder;Paris;operations;Sales
Leslie;Griffin;Paris;operations;Sales
Marshall;Gross;Paris;operations;Sales
Sara;Perkins;Paris;operations;Sales
Martha;Robertson;Paris;operations;Sales
Jack;Palmer;Paris;operations;Sales
Gayle;Brady;Paris;operations;Sales
Benjamin;Rowe;Paris;operations;Sales
Roberta;Zhang;Paris;operations;Sales
Patricia;Hodge;Paris;operations;Sales
Clifford;Li;Paris;operations;Sales
Joanne;Bowling;Paris;operations;Sales
Martin;Justice;Paris;operations;Sales
Toni;Glass;Paris;operations;Sales
Beth;Willis;Paris;operations;Sales
Jessica;Hester;Paris;operations;Sales
Samantha;Floyd;Paris;operations;Sales
Jimmy;Graves;Paris;operations;Sales
Vincent;Fischer;Paris;operations;Sales
Dianne;Norman;Paris;operations;Sales
Rhonda;Chan;Paris;operations;Sales
Tamara;Hunt;Paris;operations;Sales
Mary;Byrd;Paris;operations;Sales
Sidney;Lane;Paris;operations;Sales
Jeff;Kaplan;Paris;operations;Sales
Sandra;Heller;Paris;operations;Sales
Katie;May;Paris;operations;Sales
Raymond;Jennings;Paris;operations;Sales
Roger;Hanna;Paris;operations;Sales
Natalie;Locklear;Paris;operations;Sales
Kathy;Holloway;Paris;operations;Sales
Troy;Jones;Paris;operations;Sales
Neal;Glover;Paris;operations;Sales
Martin;Vick;Londres;operations;Direction
Jack;O'Donnell;Londres;operations;Direction
Vincent;Goldman;Londres;operations;Direction
Beth;McKenna;Londres;operations;Direction
Milton;Starr;Berlin;operations;Direction
Tamara;Stone;Berlin;operations;Direction
Mitchell;McClure;Berlin;operations;Direction
Franklin;Watson;Berlin;operations;Direction
Leroy;Monroe;Londres;operations;Traders
Glen;Abbott;Londres;operations;Traders
Judith;Singer;Londres;operations;Traders
Alice;Hall;Londres;operations;Traders
Bruce;Farrell;Londres;operations;Traders
Kathleen;Lucas;Londres;operations;Traders
Amy;Norman;Londres;operations;Traders
Ronnie;Atkins;Londres;operations;Traders
Martha;Monroe;Londres;operations;Traders
Lynn;Robertson;Berlin;operations;Traders
Jose;Sykes;Berlin;operations;Traders
Robert;Reid;Berlin;operations;Traders
Pauline;Chandler;Berlin;operations;Traders
Stephen;Finch;Berlin;operations;Traders
Peggy;Hobbs;Berlin;operations;Traders
Donna;Adkins;Londres;operations;Secretary
Doris;Kinney;Londres;operations;Secretary
Ben;Whitaker;Londres;operations;Secretary
Kristin;Alexander;Londres;operations;Secretary
Ryan;Conner;Londres;operations;Secretary
Tracey;Waters;Londres;operations;Secretary
Mark;Becker;Londres;operations;Secretary
Louis;Rollins;Londres;operations;Secretary
Janet;Love;Berlin;operations;Secretary
Leo;Adkins;Berlin;operations;Secretary
Constance;Black;Berlin;operations;Secretary
Sarah;Fox;Berlin;operations;Secretary
Gladys;Hatcher;Berlin;operations;Secretary
Hazel;Wu;Berlin;operations;Secretary
Hazel;Lloyd;Berlin;operations;Secretary
Jerome;Joyce;Berlin;operations;Secretary
Vincent;Welch;Berlin;operations;Secretary
Kim;Matthews;Berlin;operations;Secretary
Joseph;Chappell;Berlin;operations;Secretary
Alison;MacDonald;Berlin;operations;Secretary
Eric;Kane;Berlin;operations;Secretary
Heather;Butler;Berlin;operations;Secretary
Claire;Pickett;Londres;operations;Accounting
Michele;Bowman;Londres;operations;Accounting
Terry;Barton;Londres;operations;Accounting
Ken;Kennedy;Londres;operations;Accounting
Judy;Branch;Londres;operations;Accounting
Clyde;Thornton;Londres;operations;Accounting
Timothy;McNeill;Londres;operations;Accounting
Ted;Weinstein;Londres;operations;Accounting
Sandra;Middleton;Londres;operations;Accounting
Billie;Moss;Londres;operations;Accounting
Katharine;Lucas;Londres;operations;Accounting
Lester;Rich;Londres;operations;Accounting
Johnny;Carlton;Londres;operations;Accounting
Ashley;Brady;Londres;operations;Accounting
Lauren;Schultz;Berlin;operations;Accounting
Carolyn;Nichols;Berlin;operations;Accounting
Louis;Harvey;Berlin;operations;Accounting
Charlene;Stevenson;Berlin;operations;Accounting
Ashley;Houston;Berlin;operations;Accounting
Sheryl;Dunn;Berlin;operations;Accounting
Ben;West;Berlin;operations;Accounting
Linda;O'Brien;Berlin;operations;Accounting
Sarah;Barr;Berlin;operations;Accounting
Brett;Snyder;Berlin;operations;Accounting
Dana;Cain;Berlin;operations;Accounting
Rebecca;Heath;Londres;operations;Financial-Consultant
Glenda;Boswell;Londres;operations;Financial-Consultant
Glen;Olsen;Londres;operations;Financial-Consultant
Don;Pittman;Londres;operations;Financial-Consultant
Gregory;Weiner;Londres;operations;Financial-Consultant
Randy;Petersen;Londres;operations;Financial-Consultant
Geraldine;Davis;Londres;operations;Financial-Consultant
Edna;Coleman;Londres;operations;Financial-Consultant
Sidney;Terrell;Londres;operations;Financial-Consultant
Faye;Norman;Londres;operations;Financial-Consultant
Kathy;Burch;Londres;operations;Financial-Consultant
Marguerite;Weiner;Londres;operations;Financial-Consultant
Marvin;Parrott;Londres;operations;Financial-Consultant
Alex;Henry;Londres;operations;Financial-Consultant
Alexander;Gray;Londres;operations;Financial-Consultant
Marsha;Chang;Londres;operations;Financial-Consultant
Karl;McLean;Berlin;operations;Financial-Consultant
Laura;Eason;Berlin;operations;Financial-Consultant
Melinda;Weeks;Berlin;operations;Financial-Consultant
Eva;Siegel;Berlin;operations;Financial-Consultant
Robert;Puckett;Berlin;operations;Financial-Consultant
Bill;Heath;Berlin;operations;Financial-Consultant
Edna;Hoyle;Berlin;operations;Financial-Consultant
Clifford;Garrett;Berlin;operations;Financial-Consultant
Penny;Neal;Berlin;operations;Financial-Consultant
Glenda;Baker;Berlin;operations;Financial-Consultant
Arthur;Goldman;Berlin;operations;Financial-Consultant
Wesley;Shaffer;Berlin;operations;Financial-Consultant
Allison;Choi;Berlin;operations;Financial-Consultant
Florence;Carver;Berlin;operations;Financial-Consultant
Claire;Shelton;Berlin;operations;Financial-Consultant
Jeremy;House;Berlin;operations;Financial-Consultant
Christy;Lyons;Berlin;operations;Financial-Consultant
Wesley;Moser;Berlin;operations;Financial-Consultant
Lucy;Dickinson;Berlin;operations;Financial-Consultant
Susan;Abbott;Londres;operations;Sales
Nancy;Hobbs;Londres;operations;Sales
Monica;Dodson;Londres;operations;Sales
Justin;Spencer;Londres;operations;Sales
Margaret;Burgess;Londres;operations;Sales
Philip;Liu;Londres;operations;Sales
Miriam;Wong;Londres;operations;Sales
Miriam;Blackburn;Londres;operations;Sales
Christopher;McKay;Londres;operations;Sales
Joanna;Middleton;Londres;operations;Sales
Stacy;Frazier;Londres;operations;Sales
Janice;Reid;Londres;operations;Sales
Brian;Braswell;Londres;operations;Sales
Juan;Steele;Londres;operations;Sales
Leroy;Donovan;Londres;operations;Sales
Tommy;Barrett;Londres;operations;Sales
Alice;Nance;Londres;operations;Sales
Adam;Washington;Londres;operations;Sales
Larry;Rogers;Londres;operations;Sales
Angela;McMahon;Londres;operations;Sales
Lawrence;Miles;Londres;operations;Sales
Glen;Kramer;Londres;operations;Sales
Valerie;Jennings;Berlin;operations;Sales
Meredith;Bowles;Berlin;operations;Sales
Jan;Brown;Berlin;operations;Sales
Lillian;Bolton;Berlin;operations;Sales
Allen;Craven;Berlin;operations;Sales
Ashley;Hendrix;Berlin;operations;Sales
Ian;Nichols;Berlin;operations;Sales
Gina;Saunders;Berlin;operations;Sales
Donna;Lehman;Berlin;operations;Sales
Catherine;Sherrill;Berlin;operations;Sales
Lester;Cash;Berlin;operations;Sales
Jacob;Pittman;Berlin;operations;Sales
Nancy;Sullivan;Berlin;operations;Sales
Gail;Whitehead;Berlin;operations;Sales
Lloyd;Mack;Berlin;operations;Sales
Donna;Rice;Berlin;operations;Sales
Kay;Ayers;Berlin;operations;Sales
Wendy;Cherry;Berlin;operations;Sales
Lucille;Richmond;Berlin;operations;Sales
Virginia;York;Berlin;operations;Sales
Bruce;Wiley;Berlin;operations;Sales
Marc;Harrington;Berlin;operations;Sales
Geoffrey;Reed;Berlin;operations;Sales
Tiffany;Nash;Berlin;operations;Sales
